{

    "metadata" :
    {
        "formatVersion" : 3.1,
        "generatedBy"   : "Blender 2.65 Exporter",
        "vertices"      : 8,
        "faces"         : 6,
        "normals"       : 8,
        "colors"        : 0,
        "uvs"           : [4],
        "materials"     : 1,
        "morphTargets"  : 0,
        "bones"         : 0
    },

    "scale" : 1.000000,

    "materials" : [ {
        "DbgColor" : 15658734,
        "DbgIndex" : 0,
        "DbgName" : "Material",
        "blending" : "NormalBlending",
        "colorAmbient" : [0.6400000190734865, 0.6400000190734865, 0.6400000190734865],
        "colorDiffuse" : [0.6400000190734865, 0.6400000190734865, 0.6400000190734865],
        "colorSpecular" : [0.5, 0.5, 0.5],
        "depthTest" : true,
        "depthWrite" : true,
        "shading" : "Lambert",
        "specularCoef" : 50,
        "transparency" : 1.0,
        "transparent" : false,
        "vertexColors" : false
    }],

   "vertices": [0.4190864562988281,0.4190864861011505,-0.266437292098999,0.4190864562988281,-0.4190865457057953,-0.266437292098999,-0.41908663511276245,-0.4190864861011505,-0.266437292098999,-0.41908639669418335,0.41908660531044006,-0.266437292098999,0.41908666491508484,0.4190862476825714,2.0895910263061523,0.41908618807792664,-0.41908684372901917,2.0895910263061523,-0.4190867245197296,-0.41908642649650574,2.0895910263061523,-0.4190865159034729,0.4190864861011505,2.0895910263061523,-0.4245526194572449,1.1995272636413574,-0.054711103439331055,-0.4245526194572449,1.1995272636413574,1.945288896560669,-0.22946232557296753,1.1803126335144043,-0.054711103439331055,-0.22946232557296753,1.1803126335144043,1.945288896560669,-0.041869163513183594,1.1234068870544434,-0.054711103439331055,-0.041869163513183594,1.1234068870544434,1.945288896560669,0.13101762533187866,1.0309967994689941,-0.054711103439331055,0.13101762533187866,1.0309967994689941,1.945288896560669,0.28255414962768555,0.9066338539123535,-0.054711103439331055,0.28255414962768555,0.9066338539123535,1.945288896560669,0.4069170355796814,0.7550973892211914,-0.054711103439331055,0.4069170355796814,0.7550973892211914,1.945288896560669,0.4993268847465515,0.5822105407714844,-0.054711103439331055,0.4993268847465515,0.5822105407714844,1.945288896560669,0.5562326312065125,0.39461755752563477,-0.054711103439331055,0.5562326312065125,0.39461755752563477,1.945288896560669,0.5754473805427551,0.19952726364135742,-0.054711103439331055,0.5754473805427551,0.19952726364135742,1.945288896560669,0.5562326908111572,0.004436969757080078,-0.054711103439331055,0.5562326908111572,0.004436969757080078,1.945288896560669,0.4993269443511963,-0.18315601348876953,-0.054711103439331055,0.4993269443511963,-0.18315601348876953,1.945288896560669,0.4069170355796814,-0.35604286193847656,-0.054711103439331055,0.4069170355796814,-0.35604286193847656,1.945288896560669,0.28255414962768555,-0.5075793266296387,-0.054711103439331055,0.28255414962768555,-0.5075793266296387,1.945288896560669,0.1310175657272339,-0.6319422721862793,-0.054711103439331055,0.1310175657272339,-0.6319422721862793,1.945288896560669,-0.04186934232711792,-0.7243523597717285,-0.054711103439331055,-0.04186934232711792,-0.7243523597717285,1.945288896560669,-0.22946256399154663,-0.7812581062316895,-0.054711103439331055,-0.22946256399154663,-0.7812581062316895,1.945288896560669,-0.4245529770851135,-0.8004727363586426,-0.054711103439331055,-0.4245529770851135,-0.8004727363586426,1.945288896560669,-0.6196433901786804,-0.7812581062316895,-0.054711103439331055,-0.6196433901786804,-0.7812581062316895,1.945288896560669,-0.8072364926338196,-0.7243518829345703,-0.054711103439331055,-0.8072364926338196,-0.7243518829345703,1.945288896560669,-0.9801233410835266,-0.6319422721862793,-0.054711103439331055,-0.9801233410835266,-0.6319422721862793,1.945288896560669,-1.131659984588623,-0.5075793266296387,-0.054711103439331055,-1.131659984588623,-0.5075793266296387,1.945288896560669,-1.2560226917266846,-0.35604238510131836,-0.054711103439331055,-1.2560226917266846,-0.35604238510131836,1.945288896560669,-1.3484325408935547,-0.18315553665161133,-0.054711103439331055,-1.3484325408935547,-0.18315553665161133,1.945288896560669,-1.4053380489349365,0.004437923431396484,-0.054711103439331055,-1.4053380489349365,0.004437923431396484,1.945288896560669,-1.4245526790618896,0.19952821731567383,-0.054711103439331055,-1.4245526790618896,0.19952821731567383,1.945288896560669,-1.4053378105163574,0.39461851119995117,-0.054711103439331055,-1.4053378105163574,0.39461851119995117,1.945288896560669,-1.3484318256378174,0.582211971282959,-0.054711103439331055,-1.3484318256378174,0.582211971282959,1.945288896560669,-1.2560217380523682,0.7550983428955078,-0.054711103439331055,-1.2560217380523682,0.7550983428955078,1.945288896560669,-1.1316585540771484,0.9066348075866699,-0.054711103439331055,-1.1316585540771484,0.9066348075866699,1.945288896560669,-0.9801217913627625,1.0309977531433105,-0.054711103439331055,-0.9801217913627625,1.0309977531433105,1.945288896560669,-0.8072347044944763,1.1234073638916016,-0.054711103439331055,-0.8072347044944763,1.1234073638916016,1.945288896560669,-0.6196414828300476,1.1803126335144043,-0.054711103439331055,-0.6196414828300476,1.1803126335144043,1.945288896560669],
            "faces": [1,0,1,2,3,1,4,7,6,5,1,0,4,5,1,1,1,5,6,2,1,2,6,7,3,1,4,0,3,7,1,8,9,11,10,1,10,11,13,12,1,12,13,15,14,1,14,15,17,16,1,16,17,19,18,1,18,19,21,20,1,20,21,23,22,1,22,23,25,24,1,24,25,27,26,1,26,27,29,28,1,28,29,31,30,1,30,31,33,32,1,32,33,35,34,1,34,35,37,36,1,36,37,39,38,1,38,39,41,40,1,40,41,43,42,1,42,43,45,44,1,44,45,47,46,1,46,47,49,48,1,48,49,51,50,1,50,51,53,52,1,52,53,55,54,1,54,55,57,56,1,56,57,59,58,1,58,59,61,60,1,60,61,63,62,1,62,63,65,64,1,64,65,67,66,1,66,67,69,68,0,11,15,13,0,19,17,15,0,23,21,19,0,27,25,23,0,31,29,27,0,35,33,31,0,39,37,35,0,43,41,39,0,47,45,43,0,51,49,47,0,55,53,51,0,59,57,55,0,63,61,59,0,67,65,63,0,71,69,67,0,11,9,71,0,11,19,15,0,27,23,19,0,35,31,27,0,43,39,35,0,51,47,43,0,59,55,51,0,67,63,59,0,11,71,67,0,11,27,19,0,43,35,27,0,59,51,43,0,11,67,59,0,11,43,27,0,11,59,43,1,70,71,9,8,1,68,69,71,70,0,8,68,70,0,64,66,68,0,60,62,64,0,56,58,60,0,52,54,56,0,48,50,52,0,44,46,48,0,40,42,44,0,36,38,40,0,32,34,36,0,28,30,32,0,24,26,28,0,20,22,24,0,16,18,20,0,12,14,16,0,8,10,12,0,8,64,68,0,56,60,64,0,48,52,56,0,40,44,48,0,32,36,40,0,24,28,32,0,16,20,24,0,8,12,16,0,8,56,64,0,40,48,56,0,24,32,40,0,8,16,24,0,8,40,56,0,8,24,40],
        "morphTargets" : [],

    "normals" : [0.577349,-0.577349,-0.577349,0.577349,-0.577349,0.577349,-0.577349,-0.577349,0.577349,-0.577349,-0.577349,-0.577349,0.577349,0.577349,-0.577349,-0.577349,0.577349,-0.577349,-0.577349,0.577349,0.577349,0.577349,0.577349,0.577349],

    "colors" : [],

    "uvs" : [[1,-0,1,1,0,1,-0,0]],


    "bones" : [],

    "skinIndices" : [],

    "skinWeights" : [],

    "animation" : {}


}